01/10/2026,"Despite his two hip replacements, Darnell was still unable to reclaim is previous heights of hipness."
02/10/2026,"The roar of the waves was almost loud enough to drown out Alessandra's headnoise. Almost."
03/10/2026,"And after, and after, the tentative reach of a hand for a thigh, the bland cop show acting as a silent therapist, a point of concentration whereby the couple could forgive the fight. Hand reached for hand, and fingers interlaced."
04/10/2026,"Tom's four-year-old had a tantrum in response to him ordering her a babyccino because, in her opinion, she was not a baby. Seeming as though Tom did not share the same ageist sentiments as his daughter, and the fact babyccinos were delicious, he gladly had it instead of her."
05/10/2026,"One of his friends in the community had dubbed him a hacker, but he was really just a good, old-fashioned burglar with penchant for stealing password notebooks."
06/10/2026,"Unfortunately, Mac's back was rectified by the chiropractor before he had a chance to finish the dog-eared, waiting room novel, which he'd been reading at a rate of ten pages per visit."
07/10/2026,"It was a shotgun wedding, though not because of an unexpected pregnancy. The newlyweds were NRA card-carrying, certified gun nuts, and the nuptials featured several firearms."
08/10/2026,"Les, miserable at missing the the latest theatrical season of Les Misérables, had to settle for the movie instead."
09/10/2026,"The date night had gone well. Mick and Shaz were now en route for a root."
10/10/2026,"When Jayden walked by the garage sale of the house next to his school, he was outraged to find that the footy he'd accidentally kicked over the fence on sale for $5. He came back later on his bike, snatched it and bolted."
11/10/2026,"Looking back, it might have been all of those hours lost in revelry at Timezone that had lead to Alby's crippling pokies addiction."
12/10/2026,"Christine, dedicated IT support for her extended family, was paid in extra dessert when she finally got the family videos working on the TV at Christmas."
13/10/2026,"Idiot savant, Greg Williams, always put the emphasis on the 'savant' bit."
14/10/2026,"Katrina delegated the cleaning of the bathroom to her husband, Ross, who could always be counted on for efficiency. The prime example of this was when he cleaned the skid marks out of the toilet with a direct stream of piss."
15/10/2026,"Ahmed considered his lifelong hunt for longevity or immortality as the ultimate 'outside-the-box' thinking."
16/10/2026,"Years after first earning his red P-plates and provisional license, and immediately after he'd nabbed the top job, Pope Darren l steered his Pope Mobile through a McDonald's drive-thru."
17/10/2026,"The unencumbered kids scampered excitedly ahead of their pack-mule parents, weighed down as they were with scooters, bags, towels and tired love."
18/10/2026,"Somehow missing from the list of funeral types in the pamphlet was the option for an Egyptian burial. Jordan reckoned that was the way to go - a ten-storey pyramid would stand out in the typically dreary graveyard."
19/10/2026,"Like a clown car, six blokes emerged from a single toilet cubicle, rubbing their noses and clearing their throats."
20/10/2026,"Milo's coach was always telling them to get that dog in them, in reference to giving their all and slogging out unlikely wins, but he was clear that he did not mean the black dog. No - when it came to depression, Coach Luke was very much intent on keeping that dog out of them."
21/10/2026,"Ostensibly, it was just a coffee with her best friend. But to Lidia, it was her bulwark against life and its myriad challenges."
22/10/2026,"Barista Kelly liked to think she gave out more heart transplants than any surgeon in the world, although some of her coffee foam art attempts looked more like distended tumours."
23/10/2026,"They'd gotten the lasers mixed up. Yasmine had gone for laser eye surgery and ended up with her legs hairless and super smooth."
24/10/2026,"Cheapskate Chester would take as much free will as he could get."
25/10/2026,"Tenille had always disregarded mathematics at school, but had recently dusted off a few of her old textbooks as she valiantly attempted to prove how her team could still technically make finals."
26/10/2026,"The empty nesters, having a relaxing drink on the deck while smoke seeped from the smoker, gazed up at the full bird's nest, and all the nattering going along inside of it from mum and babies, and smiled."
27/10/2026,"After finally nailing fusion energy, before the press release, the exhausted team went on a celebratory dinner at the local Asian fusion restaurant."
28/10/2026,"Before clearing the air, Benji cleared his throat and his mind."
29/10/2026,"Tabitha head-banged to Rage Against the Machine as the happily balanced the books at her mid-sized consulting firm."
30/10/2026,"Ronald dipped the toe in at the Asian grocer the first few times by just visiting the instant noodle aisle. He branched out from there, once the strange lettering and the luminous, colourful packaging became less scary."
31/10/2026,"Helen always carried a spare pair of goggles in her glove compartment. She'd once been caught in a downpour when her convertible roof had failed to come out - she had vowed never again."